컨텐츠 NO,타이틀,수정일,조회수
400007795,가맹점 연체채권 상계,20121226164352,482
400007185,(주)킨텍스 법인카드,20121226165318,234
400006548,개인(신용)정보 수집/이용/제공 동의 및 철회,20121207121942,4475
400007251,대전광역시 승용차요일제카드,20121210154045,674
400006860,공용카드 관리자 조회방법,20121205154716,1737
400007073,논산시청 기업카드,20121213145757,103
400006856,서산시청 공무원 복지카드,20121221155233,327
400006695,몰 프로모션,20121211153133,3006
400006637,경기도청 공무원 복지카드,20121224105418,3752
400006838,정보통신정책연구원 기업제휴카드,20121204132346,92
400007043,장기카드대출(카드론) LMS/DM,20121213092917,34071
400006952,천안시청 기업카드,20121231163638,236
400006508,마이너스 N돌핀 체크카드,20121231120824,8012
400006435,마이너스 천지인 카드,20121231154432,248731
400006959,경기광주사랑카드,20121213154101,275
400006855,해외이용시 환율,20121212145149,3054
400007231,체크카드 이벤트,20121211122844,9929
400006857,연체 완납증명서 발급,20121205150456,8132
400006950,쇼킹 세이브(SHOW KING Save) 카드(판매종료),20190108124600,4425
400007313,양주 맞춤형 기프트카드,20121224145243,199
400006994,영주사랑 마이 홈 러브 (My Home Love) 카드,20121227111949,0
400006974,금산군청 기업카드,20121130135405,47
400006629,어린이 쌀요리 무료 체험교실 이벤트,20121213121201,562
400007031,청양군청 기업카드,20121130132554,124
400006872,환전 해외 송금 수수료 우대 프로모션,20121231124714,3470
400006912,파주시 시설관리공단 복지카드,20121213120031,341
400006522,철도/고속버스 캐시백 프로모션,20121213120553,628
400007085,이벤트 LMS,20121224093029,33575
400006380,비씨 탑 골프스카이 카드,20121226110939,3090
400006382,부산 컨택센터 멤버쉽 카드,20121211160449,1008
400006361,전남교육사랑카드,20121231105701,2676
400006438,카드 웰컴서비스(신규회원 캠페인),20121231103922,57312
400006388,제주교육사랑 조아카드,20121231110319,2120
400006795,당진사랑 공무원 복지카드,20121224091125,424
400007028,경기도 민원전철 365 카드,20121206132206,2746
400006514,해외발행카드 국내 승인/취소,20121231123606,7978
400006925,초월 맞춤형 기프트 카드,20121224103745,221
400006578,(2014년) 신용카드 업무방법 개정,20190104143323,1891
400007033,울산중구청 기업카드,20121213151644,102
400006636,중소기업청 공무원 복지카드,20121210151646,357
400006743,공공기관 즉시결제서비스,20121205132628,1631
400006934,금오공대 스마트카드,20121213152639,700
400007000,금호리조트 이벤트,20121212103042,1971
400006191,신성대학 제휴카드,20121206130603,102
400006515,모바일카드 후불교통서비스,20121231144934,3425
400009098,해외이용증대 캠페인 LMS,20121213105249,2519
400008456,경기도 어린이집 운영카드,20121226094437,693
400008472,(주)풍산홀딩스 마이너스 Corporate카드,20121228135403,81
400008778,신용카드 이용증대/활성화 마케팅 LMS,20121221173330,253
400008841,전국은행연합회 마이너스 Corporate카드,20121228155140,140
400008719,제주 업무용 택시 전용카드,20121206083333,126
400008236,e나라도움카드,20121227120629,24078
400008594,광고성정보 수신동의 의사확인 LMS,20121221155450,303
400009326,삼성전자 프로모션,20121231155936,338
400008555,해피랜드(해피쿵) 프로모션,20121231125223,206
400008742,글로벌 비즈 플러스 카드(스카이패스/ 아시아나클럽),20121231151321,2714
400008668,주택관리공단(주) 마이너스 Corporate카드,20121228132859,58
400008500, 렌탈&넥센타이어 카드,20121213125952,1548
400007987,기업회원 징구서류,20121130143324,6929
400008461,진천군 공무원 복지카드,20121205083551,80
400008499, 렌탈&코웨이 카드,20121213130048,12063
400008458,영월군 공무원 복지카드,20121205081917,117
400008824,비씨 비즈(BIZ) 카드,20121228170156,2118
400009074,BK079 반송카드 재발송,20121226172252,824
400007853,고창고인돌카드,20121210082714,427
400007822,경북 여성농업인 행복바우처카드,20121221172510,2148
400008858, 콕체크,20121206152109,1958
400008540, 렌탈&바디프랜드 카드,20121213125545,13371
400008251,사학연금 카드,20121227102511,3445
400008579,의성군 골재대금 결제전용카드,20121226092341,188
400007526,일운 맞춤형 기프트카드,20121226142954,84
400008128,스타필드 프로모션,20121211160744,1969
400008557,부자되세요 아파트 카드,20121207150559,8702
400008756,교체발급 - 마이너스 위카드,20121213150453,730
400007850,인천지하철공사 복지카드,20121228144355,559
400008131,페이(앱카드),20121205162447,21438
400008438,사천시청 공무원 복지카드,20121231113107,0
400008519, 다이렉트&DB손해보험 카드,20121213125644,1557
400008752,교체발급 - 쏠쏠(SolSol)카드 ,20121224125116,161
400008482,함양군청 공무원 복지카드,20121231101346,0
400007769,한국서부발전 복지카드 ,20121231103515,309
400008303,연회비 캐시백 프로모션,20121211130108,5592
400007718,제천시청 복지카드,20121204152352,215
400007771,스마트고지서(카드청구서),20121204130056,9117
400007995,기업회원 신규발급(신규심사),20121210160648,18717
400007488,지방세 카드 납부,20121207120411,33772
400007852,고창군 보조금카드,20121226095008,400
400008606,타겟마케팅(휴대폰요금) LMS,20121213093459,233
400007533,비봉 맞춤형 기프트카드,20121221093403,126
400007541,금호리조트(주) 법인카드,20121226171534,128
400007612,롯데닷컴/엘롯데 프로모션,20121227095334,1481
400007527,원주 맞춤형 기프트카드,20121226143843,95
400008600,BK034_휴면활성화 5개월,20121226165449,315
400008597,BK034_휴면활성화 2개월,20121226172342,558
400007774,스마트고지서 이벤트,20121211134556,831
400007809,군위군 공무원 복지카드,20121231130033,0
400008541,손해보험 LMS,20121213132633,1647
400008211,지방세 및 국세 프로모션(개인),20121211133344,23938
400010257,_신규발급_스크립트(마이너스 시럽카드)_심의필,20121224094310,498
400010063,신분증 진위 확인방법,20121210114135,2434
400009841,인천국제공항 프로모션,20121221170330,4458
400010601,팜팜(Pharm-Farm) 리워드 카드,20121213130805,1655
400009248,이메일 발송 운영체제 변경알림,20121211161022,289
400010412,하나로 Food Biz카드 프로모션,20121231125751,1329
400009921,Trigger(트리거) 마케팅,20121210154409,446
400010349,골프 프로모션,20121212112732,2792
400010170,영덕군청 공무원복지카드,20121204095522,161
400010000,특수채권 문의(조회) 및 영업소 호전환 방법,20121210133217,774
400009838,신용매니저서비스 TM,20121224161007,535
400010001,특정발신번호 상담금지 응대 스크립트 ,20121224091832,509
400009272,아웃바운드 업무별 응대 자료,20121226151847,370
400009890,디씨(DC)줌 체크카드,20121211092118,24946
400010099,여신취급비용 카드결제,20121205130116,1043
400009904,위메프 프로모션,20121211134026,1993
400009772, All100 카드,20121206111207,93870
400009636,소호(SOHO)회원 프로모션,20121211161017,3569
400009504,G-BBQ카드,20121231103302,190
400010041,구례군청 공무원 복지카드,20121227102437,0
400010025,교체발급 -  shopping & 11번가 R2,20121224145451,1042
400009870,삼성페이 서비스 ,20121206104748,35790
400008980,모바일 단독카드,20121228172409,850
400009218,서핑(surfing)할인 프로모션,20121212133513,133
400008755,교체발급 - 마이너스 베이직카드,20121213144955,479
400009195,All My Biz(올마이비즈)카드,20121231110304,18185
400008810,목표금액 달성 마케팅(신용카드),20121213144506,1438
400009026,청원군청 공무원 복지카드,20121221165101,130
400009105,예산군청 공무원복지카드,20121227101535,0
400008732,체크카드 이용증대 LMS,20121213110449,550
400008875,울산북구청 복지카드,20121130101322,277
400008984,기업 체크카드,20121228140223,7634
400009303,카카오 자동결제서비스(택시/드라이버),20121228173708,519
400008861,고흥군 공무원 복지카드,20121227143146,294
400008837,굿모닝미인+ 카드(YWCA),20121231142552,213
400008783,교육비 카드 자동납부,20121205155546,1022
400009020,인천중구청 공무원 복지카드,20121130094754,196
400008695,순창군청 공무원복지카드,20121206084919,226
400009258,한국재정정보원 마이너스 Corporate카드,20121228145333,98
400008902,용인시청 공무원복지카드,20121130100949,797
400008669,(주)케이알산업 마이너스 Corporate카드,20121228132006,29
400008405,해지(탈회) 요청 시 응대방법,20121203164522,2036
400008729,중기닷컴카드,20121231165747,173
400008797,제주 독거노인 에너지 드림바우처 카드,20121224092636,386
400009325,장기카드대출(카드론) 심사기준,20121207094352,9783
400008512,NFC 간편결제 서비스,20121205131750,323
400008562,LG페이 서비스,20121206111138,717
400008799,목표금액 달성 마케팅(신용카드) LMS,20121213133944,972
400008498,소호(SOHO)회원 마케팅 LMS,20121221173020,1794
400008518, 쇼핑&인터파크 카드,20121213125744,1632
400006533,보광휘닉스파크 이벤트,20121231155020,432
400006820,동두천시청 공무원 복지카드,20121221164253,271
400006287,M plus(엠 플러스) 카드,20121224152832,543
400006580,우석대학교 기업카드,20121206082215,162
400007048,중대초등학교 동문회 카드,20121206100648,308
400006118,카플러스(Carplus) 카드,20121226140750,2899
400006778,신용카드 핵심설명서/강화된 설명의무 제도,20121205100721,1549
400006516,장기카드대출(카드론) 금리인하요구권,20121228141330,2241
400007175,CJ 제일제당(주) 법인카드,20121226163200,269
400006866,안산시청 공무원 복지카드,20121221153117,974
400006747,항공권 프로모션(인터파크투어/ 온라인투어/ 제주항공),20121221170228,7095
400007296,농촌진흥청 연구비 결제전용카드,20121226145113,8842
400006585,특별할부(제품교환권) 프로모션,20121212081735,2081
400006591,GCF 마이너스 Corporate카드,20121228153233,439
400006673,가스안전공사 복지카드,20121224101545,648
400006864,스마트 할부(부분/무이자),20190116173703,117248
400006154,비씨SK카드,20121226135026,7424
400006051,OK 체크카드,20121224152956,63905
400006868,정읍시청 공무원 복지카드,20121227110448,287
400006413,골프카드,20121224174916,1485
400005936,서울대 S 카드(신용/체크),20121224145322,5016
400005947,충남테크노파크 카드,20121226154144,69
400006626,문화누리카드,20190207123011,184565
400005658,가상계좌 (선)결제,20121204164944,35688
400006774,마이너스 베이직(BAZIC) 카드,20121228150252,201334
400006554,국세 카드 납부,20121207090352,13596
400006355,미래웨딩캐슬 제휴카드,20121231144724,422
400005597,옴니 에듀(The Omni Edu) 카드(판매종료),20190107165813,19703
400006025,참사랑 카드,20121226142518,2066
400006398,프리마돈나(Primadonna) 카드  ,20121226133420,1592
400005388,부안군청 공무원 복지카드,20121228170404,176
400005790,계좌 자동이체,20121204165202,16853
400006042,행복일기체크카드,20121228093134,1783
400005189,장기카드대출(카드론) Sales-TM,20121226092733,739
400005866,공군 제19전투비행단 하늘이 영공수호전자카드,20121231163326,1280
400005236,김천시 골재대금 결제전용카드,20121226115157,1113
400005217,실시간 트리거 마케팅,20121224155333,147
400005747,부산광역시 시설공단카드,20121213153914,339
400005214,모바일티머니(후불형) 서비스,20121228172100,10983
400005712,일부결제금액 이월약정(리볼빙)대금 일시청구(결제제재),20121224094402,4907
400005167,장기카드대출(카드론) 본인확인,20121224124240,734
400005775,카드대금 청구,20121203144221,15825
400005138,한국교직원공제회  복지카드,20121210144145,1381
400005279,체크카드 이용한도 변경 방법,20121206125528,12668
400005070,BKE&T 기업제휴카드,20121204144614,219
400005163,인바운드 추가발급 업무,20121207163120,43107
400005230, 범서비스,20121228122708,28229
400005085,목우촌 비즈택스플래티늄카드,20121228164624,1927
400005146,창원시 공무원 복지카드,20121224152655,2145
400005611,대외기관 정보교환,20121204115628,3959
400005463,Only 체크카드 보유고객 신용카드 추진 TM,20121224160913,289
400006496,경남도청 공무원 복지카드,20121224110222,2545
400005191,한국정보통신기술협회 복지카드,20121206153248,157
400005527,세이브 앤 세이프(Save&Safe) 카드,20121227162805,65407
400005106,타이어뱅크 이벤트,20121211102533,1669
400005795,충남의용소방대 제휴카드,20121226170620,75
400005375,부자되세요 홈쇼핑카드 이벤트,20190104154506,0
400005617,옴니 하나로RF(The Omni 하나로RF) 카드(판매종료),20190107170049,19597
400006487,인천 유나이티드 FC 카드,20121226111917,196
400005484,선교카드(청교도),20190107172004,1191
400005065,의약품 결제전용카드,20190103103143,1340
400005260,한국토지주택공사 복지카드,20121203160234,431
400004977,진안군청 복지카드,20121212084044,150
400010711,강원도청 공무원 복지카드,20121221111711,2812
400010797,BK076_비인증거래,20121224151045,91
400010788,영암군청 공무원 복지카드,20121210133041,274
400010695,화순군청 공무원 복지카드,20121221151233,327
400010707,고창군청 공무원 복지카드,20121228135856,451
400010593,주의고객 관리 메뉴얼(특정발신번호 상담금지),20121206080150,762
400010296,서천군청 공무원 복지카드,20121206114658,238
400010737,이천시청 공무원 복지카드,20121210160717,383
400010639,강릉시 공무원 복지카드,20121211144645,325
400010536,마이너스 가맹점캠페인 조회방법,20121204115031,994
400010710,경북도청 공무원복지카드,20121221112605,1580
400010579,경기경찰 복지카드,20121228103848,478
400010628,청구서 반송고객 정보보정 권유 스크립트,20121210090439,818
400010595,신주소 정보 변경,20121211160951,749
400010403,BK017_특별할부서비스,20121224092122,312
400010554,철원경찰서 복지카드,20121224155858,129
400010309,타겟마케팅(휴대폰요금),20121211154027,2326
400010586,해외이용 관련 영문확인서,20121212151911,3508
400010483,조달청 공무원 복지카드,20121224133604,650
400010498,금호고속(주) 법인제휴카드,20121228171230,158
400010549,국토해양부 복지카드,20121224114029,357
400010641,제3자 요청 매체별 처리방법,20121207163039,25414
400010623,마이너스카드 단체보험서비스,20121221095443,2258
400010251,골프존네트웍스 기업제휴카드,20121203153850,49
400010619,장기카드대출(카드론) 신청 스크립트,20121206152002,19316
400010777,의령군청 공무원 복지카드,20121210144027,160
400010621,PC방 Premium 전용카드,20121206122529,1247
400010785,점점(Jum Jum)카드 ,20121221153310,32481
400010732,킨텍스(KINTEX) 복지카드,20121211154947,110
400010678,저작권위원회 복지카드,20121211132657,23
400010686,소득확인 서류별 연소득 산정기준,20121203162808,23259
400010805,대구교육대학교 복지카드,20121210101600,110
400010342,하이마트 프로모션,20121213113336,3473
400010100,태백시 공무원 복지카드,20121231121047,0
400010148,울산동구청 복지카드,20121203153711,407
400010463,장기카드대출(카드론) 청구(청구서),20121228134634,12338
400010529,공공조달 유류구매카드,20190108132058,53965
400010572,경주시 공무원 복지카드,20121212120916,700
400010183,경기 실내악 축제 이벤트,20121211133413,22
400010527,롯데백화점/아울렛 프로모션,20121211160855,3952
400010124,장수군 공무원복지카드,20121231145737,0
400010191,위 카드,20121207144410,78984
400010137, 시럽(Syrup) 카드,20121228162522,190821
400010633,마케팅 동의 필수대상/ 마케팅 미동의 고객 동의 권유 스크립트,20121210140759,1644
400010171,현대 백화점/아울렛/더현대닷컴 프로모션,20121212151257,2603
400010497,양천우수교육인카드(개인),20121213131000,180
400010059,진주시청 공무원 복지카드,20121130103451,328
400009810,장수군 보조금 결제전용카드,20121226112236,223
400010408,오포인트(Oh! point) 더블 체크카드,20121231114703,21453
400010138,태안군 공무원 복지카드,20121203145927,111
400009842,비씨카드 VIP카드 고객 초청행사,20121212090702,397
400009194,육사사랑카드,20121231103525,389
400009393,BK035_기존_LMS 동의 마케팅 TM,20121226172125,993
400010370,마이너스 앱카드,20121231144521,22365
400010087,카드VOC 안건 결과알림,20121211154314,210
400010185,(비씨) 회원을 위한 가정의 달 마케팅,20121231143127,374
400010132,한국농촌경제연구원 임직원카드,20121231150252,96
400010338,CD303 302_일반_ 갱신관련 TM,20121226170236,654
400010747,청도군청 공무원 복지카드,20121210154756,134
400010600,경기관광공사 복지카드,20121211154647,74
400010622,롯데백화점/아울렛 이벤트 LMS,20121213091921,660
400010644,대구도시철도공사 복지카드,20121210113421,600
400010508,노동부 복지카드,20121224122717,1951
400010666,인바운드 신규발급 업무,20121207163102,16057
400010654,해외직구 프로모션 LMS,20121213092548,490
400010700,순천시청 공무원 복지카드,20121221145541,582
400010616,장기카드대출(카드론) 이용동의 권유 스크립트,20121206152255,1772
400010525,동해해양/고성/화순 경찰서 복지카드,20121224172002,149
400010590,연합몰 제휴카드,20121206122741,224
400010352,도미노 피자 프로모션,20121231110323,2097
400010409,하나로 푸드비즈(Food Biz) 카드,20121228160957,14538
400010631,발신핸드폰 불일치 고객 / TM시 전화결번 고객 정보보정 권유 스크립트,20121210124150,535
400010295,카드어플(앱) 안내 LMS,20121213091627,520
400010283,카드 (재)발급 수령지 변경,20121203092856,7907
400010650,주유소 구분 및 확인방법,20121204091819,1374
400010585,문경시청 공무원 복지카드,20121212090128,238
400010786,교체발급 - 비씨 점점카드 적립형,20121224161146,132
400010626,단기카드대출(현금서비스) 신청 스크립트,20121210124517,4547
400010416,(주)케이티씨에스 기업제휴카드,20121204140610,93
400010801,마이너스포인트 회원약관 개정,20190104141905,1332
400010157,_교체발급_스크립트(마이너스 시럽카드)_심의필,20121224154157,221
400010512,식품의약품안전청 복지카드,20121224122047,448
400010627,상향가능한도 대상 고객 상향등록 권유 스크립트,20121210124343,771
400010729,충북도청 공무원 복지카드,20121231105430,1109
400010739,한국소비자원 복지카드,20121206122716,288
400010726,투자증권 복지카드,20121210080801,1037
400010592,거래내역 조회제한 서비스 ,20121206163602,3180
400010704,투자증권 CMA 체크카드,20121231121331,2705
400010760,프레스비에듀 카드,20121213130332,523
400010262,골프맴버십 이용권 프로모션,20121231163233,134
400010496,양천우수교육인카드,20121228153953,123
400010632,이메일 청구서 전환대상 고객 유도 스크립트,20121224092029,1174
400010314,하동군 공무원 복지카드,20121231134026,0
400010588,세종연구단지 패밀리카드,20121206123023,554
400010520,문화재청 공무원 복지카드,20121224120906,353
400010121,단양군 공무원복지카드,20121231114500,0
400010538,하나로 푸드비즈(Food Biz) 체크카드,20121231113606,2749
400010372, 앱카드 이벤트,20121211084146,1455
400010577,하나투어 해외항공 할인,20121211135440,1979
400010565,기상청 공무원 복지카드,20121224113440,569
400010770,이랜드몰 프로모션,20121228141035,0
400010530,산업통상자원부 복지카드,20121224115033,780
400010418,면세점 프로모션(시신라아이파크갤러리아롯데신세계중문),20121213163255,3329
400010188,전북 여성농업인 생생카드,20121221153627,1971
400010649,주유결제전용카드,20121227161136,8291
400010304,충청북도 보조금 결제전용카드,20121226101304,924
400009827,양양군청 공무원복지카드,20121130104401,138
400009887,원클릭 간편결제 서비스,20121205141755,3153
400010658,MS카드의 자동화기기 카드대출(IC우선승인),20121204120352,802
400010189,카드CVC(CVV2) 오류 초기화,20121206080319,4972
400009875,블루원리조트 이벤트,20121231154202,108
400010425,인천 서구 공무원 복지카드,20121210161518,344
400010690,충북대학교 사랑카드,20121213130437,237
400009835,한국전력공사 보조금 결제전용카드,20121226103729,750
400010318,갱신발급 LMS/DM,20121213092201,1849
400010335,무주군청 공무원 복지카드,20121231132717,0
400010731,아이행복 및 국민행복카드 프로모션,20121211131630,18245
400010182,정선군 공무원 복지카드,20121204103128,165
400010570,서울남부경찰서 공무원연금카드,20121224111134,409
400010133,충주시청 공무원복지카드,20121231144458,0
400009311,김해시청 그린 법인카드,20121228111808,156
400010762,마이너스 내일희망카드,20121221103027,843
400010638,인바운드 마케팅 캠페인,20121211114638,4133
400010209,남원시 공무원 복지카드,20121231143345,0
400010247,충남교육사랑카드,20121231105405,4596
400009850,문화체육관광부 공무원 복지카드,20121204153308,182
400009629,간편오토론,20121203150527,1740
400009191,전산 장애 시 비상응대 매뉴얼,20121205150423,780
400010201,해외명품초대전 LMS,20121213092751,67
400010102,체크카드 업무방법/약관 개정,20190104142728,3486
400010208,용인시민카드,20121213132920,5364
400009912,롯데시네마 이벤트,20121211130020,473
400009720,강원대학교병원 마이너스 Corporate카드,20121228142708,90
400008489,대우정보시스템 복지카드,20121205085209,100
400008556,영천시청 공무원 복지카드,20121205091013,235
400007858,호텔스닷컴/트립닷컴 프로모션,20121213163225,1296
400007472,한국남동발전 출장전용카드,20121226171002,413
400007764,지인추천서비스,20121211161055,3442
400008417,소호 베이직(SOHO BAZIC) 카드,20121231155403,35401
400008031,개인 체크카드,20121224160814,100262
400007761,인천 부평구청 복지카드,20121204155621,584
400007661,경상대학교병원 기업제휴카드,20121130140203,49
400007402,JDC면세점 맞춤형 기프트카드,20121221091016,256
400007739,전남 여성농어업인 행복바우처카드,20121221163036,2182
400007695,동해시청 공무원 복지카드,20121231131107,0
400008173,동사모 투게더 카드,20121213132822,61
400007349,마이너스 타운(TOWN)카드,20121228163136,18086
400007122,한국음식업중앙회 일산구지부 식자재 카드,20121226150032,1789
400007157,기장군청 기업카드,20121213125532,212
400007394,마이너스 그린체크카드,20121231170732,21716
400007254,경기 다자녀(아이플러스) 고양 및 의정부시 카드,20190108130943,14346
400007154,그린카드,20121228160050,88951
400006990,용산전자상가물품대금결제카드,20121130134448,303
400007032,김천시청 기업카드,20121130132321,144
400007036,포항시 시설관리공단 복지카드,20121213152005,352
400007288,가맹점 중계역할,20121227090831,6406
400007356,삼척 맞춤형 기프트카드,20121228170505,170
400007849,기업형 복지카드 제신고,20121207132143,1114
400008595,고객님께 드리는 커다란 혜택(신용_휴면) LMS,20190104131908,984
400007492,아파트관리비 카드 자동납부,20121205122510,59272
400007158,홍성군청 기업카드,20121213122741,216
400007335,남동 맞춤형 기프트카드,20121226105445,149
400007051,갤러리아 백화점/몰 프로모션,20121212133734,978
400007252,(주)해울 법인카드,20121226135523,173
400007409,뉴해브(New Have) 카드,20121205081535,189886
400007249,세종교육사랑카드,20121228105746,1510
400007324,동대전 맞춤형 기프트카드,20190108092647,102
400007189,직불카드,20121221105853,5912
400007315,북시흥 맞춤형 기프트카드,20121224151124,143
400007534,의정부 맞춤형 기프트카드,20121221094008,87
400006807,바로바로마켓 프로모션,20121211102553,371
400007253,STX팬오션 법인카드,20121228113551,115
400007319,남양주축협 맞춤형 기프트카드,20121226090945,56
400007287,괴산사랑카드,20121221135708,489
400007168,연체관리,20121204090033,24535
400007320,송정 맞춤형 기프트카드,20121226092634,169
400007186,보령시청 공무원 복지카드,20121213082957,375
400006849,티켓몬스터(티몬) 프로모션,20121211162724,4558
400007277,영문주소등록(AVS) - 빌링어드레스 등록,20121212135651,7548
400007075,광산구청 기업카드,20121213144517,177
400007294,스피드로 하이패스 플러스 카드,20121227105508,14274
400006980,구리시청 기업카드,20121130134623,234
400007218,문예진흥기금 보조금 결제전용카드,20121226151229,1908
400007528,진주서부 맞춤형 기프트카드,20121221091931,68
400007056,인천대학교 기업카드,20121213150816,88
400007173,충북 여성농어업인 행복바우처카드,20121224142513,4088
400010112,SSG.COM 프로모션(쓱닷컴),20121227094843,4354
400009903,간편결제 프로모션(페이코카카오페이네이버페이KCPW쇼핑),20121211132801,4809
400009542,클럽메드 여행상품 특별할인 프로모션,20121212104805,0
400008827,청송군 공무원 복지카드,20121227151126,131
400008942,타파트 호전환,20121205130817,3101
400008754,교체발급 -  Shopping & 11번가 R2,20121224130632,729
400009010,화성시청 공무원 복지카드,20121204144852,626
400009232,금융거래정보제공 통지,20121205131231,2082
400008785,신용카드 이용증대/활성화 마케팅,20121213134434,1081
400009653,창원파티마병원 복지카드,20121206121036,87
400009259,인바운드 CS항목별 응대자료,20121226155112,1788
400009129,T map(티맵) 택시 모바일 간편결제 서비스,20121228180514,311
400009260,기업카드 데이터전송 이벤트,20121211104003,426
400009973,컨택(통합) 업무별 화면번호,20121205161926,606
400008948,군포시 공무원복지카드,20121130094931,424
400009884,한화리조트 이벤트,20121211102620,494
400008959,가맹점 가입확인서 LMS/DM ,20121213092741,373
400009062,BK096 기존회원세분화_TM(동의),20121226111253,0
400008891,강원대학교병원 복지카드,20121204092942,326
400008753,교체발급 -  파이카드,20121213145901,277
400009521,청주시청 공무원 복지카드,20121206121238,394
400009537,신용/체크카드 분실 일괄신고,20121228142617,7157
400010221,상주시청 공무원 복지카드,20121231141230,0
400008848,영양군 공무원 복지카드,20121227145349,81
400009688,세종시 영농자재 보조금 결제전용카드,20121226100302,217
400009681,신용매니저(Manager) 가입 이벤트,20121211152655,1577
400008928,세종시 다자녀(아이사랑) 카드,20190108140912,4168
400008672,LF패션 프로모션,20121211144148,145
400008857, 콕카드(신용),20121224111227,9825
400009040,구매전용카드(판매전용카드),20121231155054,2723
400008798,홍천군청 공무원 복지카드,20121227162031,388
400008688,경산시청 공무원 복지카드,20121206082845,300
400008973,헬프 업무질의,20121212084141,16021
400006243,나라사랑 전자카드,20121227165657,0
400006913,온라인 쇼핑몰 이벤트(지마켓옥션11번가인터파크),20121226165814,23612
400006331,충북교육사랑카드,20121231105236,3725
400006086,(2009년)신용카드 업무방법 개정·시행,20190104144051,546
400006193,평택도시공사 복지카드,20121226145923,113
400006085,코리아CC 제휴카드,20121231102126,146
400006199,부산대병원 복지카드,20121224152550,514
400006436,마이너스 티타늄 카드,20121231131222,43413
400006204,장기카드대출(카드론),20121228135547,173414
400005426,인천동구청 공무원 복지카드,20121204091915,256
400005983,한도초과 승인,20121207123502,3740
400006924,기프트 광양사랑 상품권 카드,20121224103017,775
400006061,동사모 카드,20121226142354,712
400006748,글로벌 언리미티드 체크카드,20121212145449,44987
400006693,대명리조트 이벤트,20121211102628,711
400005568,가맹점 카드 매출표,20121231141227,19512
400006044,비씨 마일즈(BC Miles) 카드,20121226140124,1854
400005965,타행계좌 자동이체,20121204165351,20261
400005654,매직탑(Magic Top) 카드(판매종료),20190107171621,15277
400008162,BK058 청구서 반송캠페인,20121226172210,505
400007490,인천남동구 도시관리공단 복지카드,20121212151029,184
400007314,별내 맞춤형 기프트카드,20121224150103,123
400007426,회전결제 약관 개정,20190104142944,568
400007064,선진그룹 제휴카드,20121206124848,286
400006833,한국필립모리스 복지카드,20121221161056,452
400006874,장기카드대출(카드론) 프로모션,20121224134556,2206
400007441,인터넷을 통한 개인카드 재발급,20121203155941,8423
400006975,서천군청 기업카드,20121130135255,95
400007011,단기카드대출(현금서비스) LMS,20121213104051,19130
400007263,아쿠아플라넷 제주 프로모션,20121231153548,823
400006976,부여군청 기업카드,20121130135142,116
400006977,보령시청 기업카드,20121130134903,100
400007332,BLISS(블리스).3 포인트더함 할인더함 카드(판매종료),20190108130154,6409
400007304,옥천기업사랑카드,20121227101214,0
400006764,카드 빠른 조회 서비스,20121211083708,4704
400006663,고용/산재보험료 카드납부 프로모션,20121212154340,606
400007265,울산광역시 승용차요일제카드,20121210151850,751
400007163,마이너스 하나로 생활개선중앙연합회 제휴카드,20121206084853,927
400007132,송파구 축구연합회 제휴카드,20121213133318,189
400006846,부천통카드(공무원),20121221160610,772
400006865,휴대전화 본인인증 조회 ,20121210163511,5148
400007005,울산남구청 기업카드,20121130133753,239
400007120,남원시청 기업카드,20121213130026,107
400007392,한영회계법인 법인카드,20121228145619,235
400007034,울산북구청 기업카드,20121213151228,127
400006694,엠블호텔 킨텍스 레스토랑 이벤트,20121231152229,429
400007167,디씨(DC)더함 / 조이(JOY)더함 카드,20121224100400,51054
400006374,MBC 문화방송카드,20121224153732,280
400007300,창원경륜공단 맞춤형 기프트카드,20121224144336,165
400006787,의왕시청 공무원 복지카드,20121224092527,276
400006237,전북교육사랑카드,20121231105526,3332
400007057,계룡시청 기업카드,20121213150245,182
400006777,연천군청 공무원복지카드,20121224093900,527
400006276,강원교육사랑카드,20121227111100,6682
400006495,마이너스 비즈/ 비즈 플래티늄 카드,20121130143410,103914
400007183,내일배움카드 프로모션,20121212103953,10132
400006188,오산시 시설관리공단 복지카드,20121226112603,138
400006405,기업회원(카드) 개요,20121224093257,10055
400007116,서울 공영주차장 결제서비스,20121231105546,430
400006066,GS칼텍스 스마트(Smart) 카드,20121227153638,3017
400006184,레인보우(Rainbow) 카드,20121226134437,1542
400006510,TV페이 결제서비스,20121205132003,897
400006371,경남교육행복카드,20121231105849,6558
400006643,오산시청 공무원 복지카드,20121224104847,306
400006521,전북 다자녀가정(아이조아) 카드,20121227170331,6453
400006260,학생증 겸용 체크카드 발급,20190104141404,0
400005860,강원FC 사랑카드,20121226160156,457
400006440,마이너스 플래티늄 카드,20190103144424,136788
400007007,예산사랑 법인카드,20121130132715,346
400006615,강원 다자녀가정(반비다복) 카드,20121227155536,3895
400005415,여주시 골재대금 결제전용카드,20121226113255,438
400006449,오현인 사랑카드,20121211154455,280
400005797,김천 제일병원 사랑카드,20121206132004,39
400006360,KTF 멤버쉽 카드,20121224151419,679
400002987,신용/체크카드 분실신고 및 해제,20121228142316,80432
400003464,고객행복센터 국제업무,20121212095920,1208
400002804,중국통 기프트 카드(中國 通 Gift Card),20121227180818,867
400003488,인천시 서구시설관리공단 복지카드,20121213145832,266
400002832,공군 제1전투비행단 제휴카드,20121206132333,207
400002707,육군 부사관학교 멤버쉽카드,20121206135707,446
400002483,비씨 기업 TOP포인트,20121205131619,25679
400002792,여수정보과학고(여수상고) 총동문회 카드,20121226174409,78
400003138,남해화학 맞춤형 복지카드,20121228140256,493
400002245,청주육거리시장 카드,20190103110846,88
400001732,가맹점 특약,20121206144346,2265
400002292,대구어린이집연합회 제휴카드 ,20121207150345,89
400002293,진여상 사랑카드,20121227143131,161
400001656,부산광역시 승용차요일제 카드,20121213133409,597
400002206,전북도청 공무원 우대카드,20121231095649,351
400002150,CJ구매전용 카드,20121228173749,0
400001133,전국 새농민회 카드,20190107125539,60
400001180,외교부(외교통상부) 공무원 복지카드,20190104132123,861
400002148,농촌사랑카드,20121227165656,8556
400001696,한화생명법인카드,20121224100422,95
400002124,(주)경축 구매전용카드,20121231091734,0
400003171,안전복지 119사랑 카드,20190107173622,1938
400002238,안산시설관리공단 복지카드,20190108182113,1
400002595,승인업무 개요,20121231120437,11818
400002621,개인카드 인터넷 신규/추가발급,20121206080013,48024
400002154,안동문화사랑카드,20121231164954,659
400002771,UD 치과병원 제휴카드,20121227154744,259
400002147,강릉무궁화장학카드,20121213142357,75
400002112,아이 즐거운 카드(신용/체크-유아학비 전자카드) ,20121231113727,113264
400001171,육군종합정비창 카드,20121231165948,179
400001623,마이너스 쇼핑세이브 카드,20121213132113,147330
400001616,법원복지(Court well-being card) 카드,20121224141052,930
400002423,기업카드 할부이용,20121207122014,16316
400002117,신김포 카드,20121231165629,351
400000733,안산사랑 카드,20121231093548,469
400001832,마이너스/비씨 후불 하이패스 전용카드,20121227090932,191337
400000736,의령사랑 카드,20121213121907,165
400001721,가맹점 가입심사 및 가입제한,20121206154011,1152
400000730,의왕사랑 카드,20121226100022,61
400002236,경기도 문화의 전당 복지카드 ,20121224134809,233
400001235,마이비 조아카드,20121227141715,2322
400001757,가맹점 제신고,20121206163732,31629
400001665,마이너스 비즈트랜스(체크) 카드,20121130143221,4363
400001875,울산남구 도시관리공단 복지제도,20121228131410,75
400001175,경기교육사랑카드,20121228105700,32695
400000953,결제일 변경,20121204095300,47334
400001740,마이너스 모바일 카드,20121228165340,31377
400000708,구리사랑 카드(OK체크),20121213144522,0
400001771,마이너스 러브트리 카드,20121211141832,20770
400001756,가맹점 한도,20121206100930,2789
400001019,세계자연유산사랑 카드,20190107110706,1866
400001646,국군복지단(계룡대쇼핑센터) 카드,20121206152831,608
400001837,소방방재청 공무원 복지카드,20121226103931,2492
400001339,김포시시설관리공단 복지카드,20121224144318,57
400000816,(주)제주블릭웰 제휴카드,20121206130904,141
400001753,전월실적 산정 / 서비스 적용방식,20121207083651,39886
400000734,순창사랑 카드,20121231155006,170
400000686,군산사랑 카드,20121231125817,221
400000721,해남사랑 카드,20121228105130,623
400001529,마이너스 비즈(Biz) 포인트,20121205131502,84770
400001064,대구교육사랑카드,20121224144003,6758
400001610,가맹점 매출거래정보 통합조회시스템,20121231143603,2412
400001193,해군사랑카드,20121231154817,706
400001158,대전교육사랑카드,20121227113447,2444
400000737,통영사랑 카드,20121213100259,110
400001500,삼일상고 제휴카드,20121206133810,74
400001501,(2008년) 신용카드 업무방법 개정,20190104143942,451
400000729,부여사랑 엑스포 카드,20121228110544,334
400001305,태영패밀리 카드,20121206134603,192
400000711,논산사랑카드,20121231093022,444
400002019,복지카드  선결제방식,20121228162921,4952
400000620,포인트,20121130162800,16545
400001605,할부기간 변경(연장 및 단축),20121204143611,25372
400001054,강화시설관리공단 복지카드,20121228134501,306
400000635,의왕시설관리공단 복지카드,20121226130715,108
400000960,결제계좌 변경,20121203162046,62160
400001011,인천관광공사 맞춤형 복지카드,20121226133339,194
400000728,철원사랑 카드,20121226095112,103
400001373,서울공고 제휴카드,20121206134352,58
400000709,의정부사랑 카드,20121224195214,0
400000752,구례군 마이홈러브 카드,20121231162750,145
400001645,고양시 피프틴- 카드,20121212145444,2064
400000754,슈퍼탑 포인트,20121130163150,28984
400000780,개인회원 이용한도,20121206161146,69116
400000732,예천사랑 카드,20121228111421,214
400000598,인천경기기자협회 카드,20121206135454,176
400001706,승산 레포츠 카드,20121231111627,403
400002997,경제사업장(하나로클럽/마트 유통센터.식자재점) 프로모션,20121211134126,11033
400005335,천안시청 공무원 복지카드,20121228170056,679
400005281,산림청 복지카드,20121204124343,644
400005019,해운대구 복지카드,20121231141702,326
400005696,고객행복센터 가맹점 매출취소,20121221104938,12321
400005219,탄탄대로 BIZ카드(법인 SOHO소호),20121231174057,4035
400005040,관악경찰서 공무원연금카드,20121228135656,588
400005067,광주희망교실 체크카드,20121224135132,1835
400005021,업무별 상담 스크립트,20121226145816,12118
400005053,휴면신용카드 거래정지 LMS,20121213091142,2161
400007237,포인트더함 / 할인더함 카드,20121224093844,18277
400004635,강원 복지 교통카드,20121227151805,18705
400005326,또래오래치킨 이벤트,20121211125400,505
400005383,(하나로) 카드,20121206111302,37590
400005483,충북 진천군청 제휴 기업카드,20121130152043,174
400004923,비씨 모바일카드,20190107151130,18312
400005168,금융사고접수 처리방법,20121228143451,765
400004986,샵핑(#ing)카드,20121221134135,64737
400005403,기업카드 사용개시 및 예금인출 등록,20121210103435,4539
400004845,(주)STX 기업카드,20121206165242,441
400004948,연회비 비교표,20121210140819,5685
400004834,마이너스 테이크(TAKE) 5 카드,20121224133844,264969
400004771,사회복지시설 보조금 전용카드,20121231145953,12849
400005035,GS엠비즈(주) 기업제휴카드,20121204154024,228
400005195,한국출판문화산업진흥원 복지카드,20121206145118,106
400004971,충북 다자녀가정(아이사랑보너스) 카드,20121227171219,4785
400005203,삼척시청 공무원 복지카드,20121206130812,197
400004650,한삼인 프로모션,20121231152533,1035
400004906,그린클린카드(공공부문용 그린기업카드),20121206150109,2669
400004900,강릉원예 맞춤형 기프트카드,20121224132024,269
400004740,수원 맞춤형 기프트 카드,20121224110912,384
400005278,한국표준협회 복지카드,20121205150636,234
400004336,영산강 섬진강 수계 보조금 결제전용카드,20121227111711,0
400004905,마이너스 알뜰주유카드,20121228144324,132443
400004513,일부결제금액 이월약정(리볼빙) LMS,20121213103403,1614
400004555,보성군청 기업카드,20121213084605,177
400004390,남해군청 기업카드,20121130135808,216
400004648,무이자할부 이벤트,20121211141841,208370
400004354,한국산업안전보건공단 보조금 결제전용카드,20121227113032,422
400004540,부안군청 기업카드,20121213093455,65
400004581,강진군청 기업카드,20121211135133,91
400004300,울산광역시청 기업카드,20121203090727,319
400004575,전북 기업사랑 카드,20121228113036,358
400005370,동부정보기술 복지카드,20121205093530,46
400004549,이용한도 조정 LMS,20121224143448,10746
400004968,서울특별시 농수산식품공사 기업제휴카드,20121211150042,45
400004337,단기카드대출(현금서비스) 분할결제,20121130095817,11009
400004989,마이너스카드 국제브랜드 서비스,20121228103136,24124
400004556,김제시청 기업카드,20121213080917,187
400004975,기업카드 인터넷 이용방법(메뉴얼),20121205130749,18059
400004955,마이너스 비즈페이 시스템(마이너스 기업카드 웹승인 지원시스템),20121205132656,1461
400004543,경인교대 산학협력단 기업카드,20121213090813,162
400004413,선박안전기술공단 복지카드,20121213121835,265
400004249,엘에스산전(주) 기업카드,20190108182142,1
400004348,아산시청 기업카드,20121203081310,188
400004703,MS(신용/체크/직불)카드 IC카드 전환발급,20121231111334,10735
400004898,안성팜랜드 프로모션,20121212153838,1920
400004539,당진군청 기업카드,20121213095139,87
400005052,국민연금증카드,20121226101309,79212
400004966,비씨카드 공통서비스,20121221100937,2896
400004541,서산시청 기업카드,20121231173819,118
400004544,임직원 대상 LMS,20121221101223,2427
400004779,소호(SOHO) 비타민 카드,20121226145820,51378
400004567,화순군청 기업카드,20121231121718,243
400004747,충청남도개발공사 기업카드,20121211145743,227
400004700,해외거래 이의신청,20121226122236,68115
400004294,대우건설 법인카드,20121203140736,1967
400004349,강화군청 기업카드,20121130161137,129
400004542,연기군청 기업카드,20121231173616,97
400004746,태안 맞춤형 기프트카드,20121224111846,414
400004817,마이너스 농업경영 체크카드,20121231171457,1653
400004595,롯데월드 이벤트,20121211150303,16892
400004188,스키장(리조트) 및 워터파크(스파),20121212094115,4481
400004279,거창군청 제휴 기업카드 ,20121204115122,322
400004388,익산시청 기업카드,20121130141613,189
400004580,단양군청 기업카드,20121211132909,77
400004104,인천광역시청 공무원복지카드,20121212154514,2832
400004615,전라남도청 기업카드,20121211145539,191
400004577,순천시청 기업카드,20121231122510,166
400004079,원주시청 공무원 복지카드,20121213092818,582
400004066,아이즐거운카드 프로모션,20121231164757,681
400004081,공카드(체크카드) 조회,20121205152656,2004
400004286,에코 마일리지 카드,20121213143303,18720
400004563,포항시청 기업카드,20121231122735,108
400004578,청송군청 기업카드,20121231122114,169
400004138,4대 사회보험 카드 납부,20121205094401,7480
400004974,가맹점 인터넷 메뉴얼,20121210132447,1912
400004421,마이너스 하나로 카드,20121213132007,291776
400004225,마이너스 비즈 플래티늄 카드(스카이패스/ 아시아나클럽),20121130094657,45432
400004285,관교 한신휴플러스 카드,20121224142326,403
400004658,개인회원 이용한도 본부승인심사,20121206161421,32466
400004613,계룡건설 기업제휴카드,20121210115424,300
400004967,발급(긴급발급) 및 배송 업무,20121203093059,44074
400004053,금산사랑 공무원 복지카드,20121213131357,406
400004136,스마트할부 LMS,20190116174525,8204
400006607,재발급카드 자동이체,20121204100853,6386
400006751,우편요금결제전용카드,20121227144128,2735
400006217,초이스(BC Choice) 카드,20121226121038,1770
400006556,전기요금(한국전력) 카드 납부,20121210093754,4010
400006024,아시아나클럽(Asiana Club) 카드,20121228134343,37484
400005801,영화/공연 할인 프로모션,20121212092915,6282
400005916,이용대금명세서(청구서),20121204165945,102860
400005927,개인정보/카드번호 표시제한,20121210163603,1786
400005994,대한항공(임직원) 제휴카드,20121206131707,594
400005247,달성군청 공무원복지카드,20121203124951,321
400006357,군포시 마이홈 카드,20121231144922,300
400005601,엣지 웨딩 카드,20121213133602,4685
400005377,BC교체발급 - 부자되세요 홈쇼핑카드,20121224151423,193
400005954,무안사랑 클린카드,20121130145839,339
400005430,울릉군청 공무원 복지카드,20121130111308,154
400006581,비인증거래 SMS,20121228165028,4906
400005770,카드 회원정보 보호 및 관리철저,20121206093252,563
400005552,옴니 투어앤네비(The Omni Tour&Navi) 카드(판매종료),20190104174109,10576
400006069,(재)울산발전연구원 복지카드,20121224111136,122
400006386,경북교육사랑 조아카드,20121231110449,5070
400006017,비씨 체크카드,20121224153138,9450
400005249,부산광역시청 복지카드,20121203105316,1002
400006019,인천 계양구 복지카드,20121226132256,258
400005719,즉시결제서비스,20121130150644,74189
400005359,TM수신후 고객 재문의시 업무처리방법,20121210112922,539
400005290,양구군청 공무원 복지카드,20121203081505,183
400005261,한국보훈복지의료공단 제휴카드,20121205154335,291
400005259,손해보험업종 프로모션(DBKB롯데더케이),20121213080220,13329
400005800,대창 러브카드,20121231153403,46
400005356,부자되세요 홈쇼핑 카드,20121213133110,11659
400005277,(2015년) 신용카드 업무방법 개정,20190104143431,1331
400005678,엔씨오일(NC-OIL) 조아카드,20121211122520,2070
400005233,신용Manager서비스 신청 스크립트,20121210124721,809
400006059,LPG 세이브(Save) 카드,20121231130022,6017
400005387,타행계좌 대량이체건 확인 방법,20121204101349,280
400005227,평택시청 공무원 복지카드,20121203153154,473
400006238, 에코(eco)카드,20121226104401,18249
400005683,탑(TOP) 포인트,20121205131048,68347
400005760,일반/연체대금 결제,20190122140627,42483
400005202,상담저장(후처리) 이력,20121211082423,2900
400005220,경북관광개발공사 복지카드,20121206094400,90
400005162,영업점 연결(집중화) 응대방법,20121210164413,2234
400005255,교체발급 - 비씨 점점카드 할인형,20121224152220,178
400005097,의제매입세액공제 지원서비스,20121205132455,852
400005538,고향주부모임 제휴카드,20121211133032,348
400005263,공주시청 공무원 복지카드,20121203083333,305
400005238,임실군청 공무원 복지카드,20121203135228,159
400005201,부산 아쿠아리움 이벤트,20121211105702,491
400005271,BK079_반송카드재발송,20121226102142,0
400005423,대구 셔틀콕 카드,20121213133011,1004
400005262,합천군 골재대금 결제전용카드,20121226114041,456
400005544,청구결제단위 변경,20121130153343,13670
400005873,선청구,20121203135543,8979
400005402,경북 고령군청 공무원 복지카드,20121130111353,158
400005578,마이너스포인트,20121204170941,169022
400005957,경찰대학교 학생증카드,20121213092424,872
400005374,오크밸리 프로모션,20121212105314,300
400005424,강원 여성농업인 복지바우처카드,20121231104247,1574
400005268,교체발급 - 마이너스 카드,20121224161256,764
400005940,비즈텍스/비즈텍스 플래티늄 카드,20121228164655,44360
400005346,남해군청 공무원 복지카드,20121205131609,176
400005229, 카드,20121206111421,131319
400005213,울산남구청 복지카드,20121206104403,545
400005134,국회사무처 공무원 복지카드,20121224135919,1022
400005188,장기카드대출(카드론) Sales-TM 동의유도,20121224174337,264
400004829,카드 보이스피싱 피해지원,20121221094623,3990
400005186,경남 고성군청 공무원복지카드,20121207084409,240
400005172,업무용어해설,20121211160911,792
400005226,서울혜화경찰서 복지카드,20121205160727,120
400005152,옹진군청 공무원 복지카드,20121207151538,278
400005199,장성군청 공무원 복지카드,20121206140423,414
400005354,거제시청 공무원 복지카드,20121205105529,379
400005020,보은군청 공무원 복지카드,20121211090016,271
400005614,마이너스 비즈 클린 카드,20121206102243,12192
400005072,예금보험공사 기업제휴카드,20121204142030,239
400005341,국민행복카드,20121228150716,300882
400005671,안성시 시설관리공단 복지제도,20121227100522,177
400005123,경기 다자녀(아이플러스) 남양주시 카드,20190108131802,17161
400005469,동양매직 프로모션,20121211124048,4637
400004773,삼일회계법인 기업카드,20121207084706,214
400005153,통영시청 공무원 복지카드,20121207143048,179
400005924,마이원(Myone) 카드,20121228155325,73537
400004978,주유서비스 계산식(휘발유/LPG 고시가),20121210134930,1213
400004988,마이너스카드 플러스/투플러스 서비스,20121231154510,6510
400005088,상록경찰서 복지카드,20121231105822,177
400005425,화순장애인 문화바우처 카드,20121221152417,559
400005075,기업카드 부가세환급지원서비스,20121205154637,12703
400004732,과천시 보훈복지 바우처 카드,20121224110132,933
400004695,카드 지역센터 및 영업소 현황,20121204164130,19198
400009027,장기카드대출(카드론) 만기일시상환 기한연기 LMS/DM,20121213091714,206
400009245,제주 여성농업인 행복바우처카드,20121221154829,968
400008915,구글플레이(Google Play) 제휴 간편결제 서비스,20121206101514,920
400008731,체크카드 타겟마케팅(신규/기존/휴면),20121210154348,2611
400008580,20 해봄카드(신용),20121213125445,13357
400008712,장흥군 공무원 복지카드,20121206091920,118
400008629,(주)풍산 부산사업장 마이너스 Corporate카드,20121228133802,37
400008931,포스코교육재단 복지카드,20121204094943,198
400008972,가맹점 업무질의,20121206160103,4437
400007831,김천시청 공무원 복지카드  ,20190107093944,225
400008501, 쇼핑&아모레 카드,20121213125847,2534
400008182,오송첨단의료산업진흥재단 마이너스 Corporate카드,20121228141557,41
400008428,고객님께 드리는 커다란 혜택(신용_휴면),20121213132247,3226
400008253,(2017) 신용카드 업무방법 개정,20190104143541,1340
400008387,목포시 보조금 결제전용카드,20121226095629,538
400007752,농부의마음 체크카드,20121206160309,3246
400007519,동양시멘트(주) 법인카드,20121228143538,239
400008287, 파이카드,20121221113550,60720
400007823,충남 여성농어업인 행복카드,20121224091214,883
400008344,IT전환 기념 프로모션,20121211104026,592
400007531,중부 맞춤형 기프트카드,20121221092649,69
400007841,신용매니저 TM,20121224101834,532
400008542,영화/공연 할인 LMS,20121224132822,1135
400008471,과천시 시설관리공단 복지카드,20121231103404,0
400008108,비씨 그린카드v2,20121224145019,21285
400007684,경남 여성농업인 브라보 바우처카드,20121221160229,812
400008533,리딩투자증권(주) 마이너스 Corporate카드 ,20121228134421,61
400007885,복지카드,20121228154755,21538
400008603,기장군청 복지카드,20121206080733,258
400008564,체크카드 타겟마케팅 LMS(신규/기존/휴면),20121221173248,2641
400008575,무안군청 공무원복지카드,20121205092436,354
400007838,장기카드대출(카드론) 기본 세일즈 TM ,20121224151558,112
400007509,과천시 중증장애아 재활치료비 바우처카드,20121226140022,745
400007664,동서대학교 마이너스 Corporate카드,20121228140129,71
400008015,강화군청 복지카드,20121224131500,371
400007512,인천대학교 복지카드,20121212132023,397
400008012,SK주유전용카드,20121205141058,10556
400007459,비아 맞춤형 기프트카드,20121226132658,166
400007483,광주 맞춤형 기프트카드,20121226133606,298
400008601,소호 굿(SOHO GOOD) 카드,20121231150627,5676
400007406,가맹점 약관 개정 알림,20190104141753,508
400007869,구미시청 공무원 복지카드,20121231104230,176
400007518,유진기업그룹 법인카드,20121206090343,343
400007494,추풍령 맞춤형 기프트카드,20121226134258,177
400007359,성서 맞춤형 기프트카드,20121228170540,95
400007511,동대전 맞춤형 기프트카드,20121226100444,283
400007303,엑셀투어네트워크 기업카드 ,20121205164256,123
400007421,비씨 골프카드 우수회원 골프투어행사,20121231104500,514
400007750,20 해봄 체크카드,20121210144826,44639
400007993,보조금 결제전용카드,20121231121545,20409
400007682,쏠쏠(SolSol)카드,20121213130153,19547
400007536,설맞이 이벤트,20121231155847,1410
400007514,LG전자 프로모션,20121213093409,13220
400007439,장기카드대출(카드론) 제신고,20121228155004,12951
400007770,자동차 가상계좌 결제서비스,20121130122754,24384
400007360,전통시장 온누리멤버십 기프트카드,20121226131143,2392
400007244,삼정회계법인 법인카드,20121228113347,257
400007473,항공사 마일리지,20121206133501,20115
400007261,기업회원 통합명세서,20121207124816,2339
400007119,달성군청 기업카드,20121213130757,58
400007525,와부 맞춤형 기프트카드,20121226142218,101
400007508,경북 다자녀가정(다복가정 희망) 카드,20121227164224,7859
400007226,한국외식업중앙회 파주시지부 식자재카드,20121228170812,0
400007457,전남 한사랑 보조금 결제전용카드,20121228120651,15597
400007316,행복마이너스금융카드,20121221110024,19853
400007363,연구비 전용카드,20121226142814,6364
400007355,KB손해보험 제휴 법인카드,20121224113556,533
400007003,울산광역시 동구청 기업카드,20121130134001,105
400007408,캘빈클라인 프로모션,20121213105139,771
400007358,서광주 맞춤형 기프트카드,20121228170328,192
400007114,더마니(The MANI) 카드,20121224140106,119340
400007334,신현 맞춤형 기프트카드,20121226103154,491
400007396,서울우유 맞춤형 기프트카드,20121226131916,343
400007410,KHOA사랑 제휴카드,20121213152233,611
400006873,울주군청 공무원 복지카드,20121221110559,502
400007255,대성산업가스(주) 법인카드,20121226170401,170
400007390,할부(캐시백) 이벤트,20121211143108,14166
400007276,카드 고객님을 위한 특별한 혜택(기존회원),20121231092354,12319
400007275,용평리조트 카드 DAY,20121212140051,640
400007744,아파트관리비 카드 자동납부 프로모션,20190102093917,21026
400008289,경상대학교병원(창원경상대학교병원) 복지카드,20121206120942,241
400007322,남원주초교 식자재전용 기프트카드,20121226095641,122
400007524,미금 맞춤형 기프트카드,20121226141257,112
400007839,교체발급 TM ,20121224134234,185
400007453,대유위니아 프로모션,20121211152950,5482
400008305, 파이카드 프로모션,20121211122603,3802
400010261,산청군 공무원 복지카드,20121204135448,134
400009310,인천대학교 산학협력단 마이너스 Corporate카드 ,20121228144132,86
400009507,서울보증보험료 카드납부,20121205145350,150
400009188, 제휴서비스,20121221110138,5931
400010067,안양시청 공무원 복지카드,20121130102335,641
400010450,농림수산식품부 복지카드,20121224134628,388
400010202,No-CVM(무서명거래),20121210085842,265
400010310,모바일티머니(후불형) 프로모션,20121212132121,764
400010720,아이행복카드 ,20190109175708,177382
400009910,삼성페이 서비스 LMS,20121213093757,719
400009919,세종시 사회복지시설 보조금 결제전용카드,20121226101943,279
400009472,순천 에코그라드호텔 이벤트,20121211135305,90
400009601,비씨카드 SMS(바로알림서비스) 이용약관 개정,20190104142615,2105
400009976,CRM[05] 조회 불가 화면 리스트,20121207163005,693
400010321,CD306_VVIP 연체 거래정지유예,20121226170524,215
400009909,조선내화 복지카드,20121206122512,242
400009992, 쇼핑(Shopping)&11번가 카드,20121206110951,136029
400009535,한국중소기업경영자협회 STAR CLUB(스타 클럽)카드,20121210095935,180
400009901,우수고객할인몰 프로모션,20121212123619,291
400009419,안산시청 그린 기업카드,20121228165834,189
400009161,농업정책보험금융원 마이너스 Corporate카드,20121228150050,90
400010097,문화융성 체크카드,20121210150613,1375
400009385,광주희망교실 마이너스 Corporate카드,20121228143355,1190
400010200,평창군 공무원 복지카드,20121204132900,161
400009836,카드 어플(APP) 서비스,20121212161751,5501
400009024,기업회원 채권보전,20121231163910,2751
400010254,강남경찰서 복지카드,20121227163422,179
400009546,섬진강 도깨비마을사람들 프로모션,20121224094711,108
400009006,국민체육진흥공단 복지카드,20121228111702,183
400010348,고객행복센터 기업회원 제신고 ,20121211121158,9739
400010062,마이너스비즈페이 이벤트,20121211104339,136
400009137,칠곡군청 공무원복지카드,20121130094513,220
400010158,_교체발급_스크립트(마이너스 위카드)_심의필,20121224094808,698
400010288,옥천군청 공무원 복지카드,20121204141305,142
400009918,공주대학교 연구비 전용카드,20121226102734,366
400009193,대구의료원 복지카드,20121206121631,330
400009751,여수시청 공무원 복지카드,20121130104928,763
400009936,기업카드 신용평가,20121130133537,7986
400009075,BK076 비인증거래,20121226112223,28
400009724,오산 희망플러스카드,20121210144923,147
400009231,All My Biz(올마이비즈)카드 이벤트,20121213100223,1369
400009112,(2016) 신용카드 업무방법 개정,20190104143815,929
400009079,BK102 국민행복카드 발급접수,20121226103945,375
400008835,(사)한국YWCA연합회 기업제휴카드,20121231102859,42
400008937,전북대학교 복지카드,20121204110504,178
400008983,함평군청 공무원복지카드,20121227100037,0
400008825,기업회원 클린카드,20121231161434,23357
400009192,대구광역시 서부노인전문병원 복지카드,20121206121810,72
400009144,서부지중해 크루즈 프로모션,20121231131211,168
400009239,한국남동발전 복지카드,20121206121434,222
400009007,개인카드 인터넷 빠른발급서비스,20121203091725,2083
400008738,신규발급 - 소호 베이직(SOHO BAZIC) 카드,20121224153518,529
400009289,상품기반 이용실적 LMS,20121224161317,80
400008817,증평군청 공무원 복지카드,20121227160542,87
400008737,신규발급 - 소호(SOHO) 비타민 카드,20121224130846,93
400009911,제휴사 간편결제 서비스,20121210094929,1709
400008859,(2012) 신용카드 업무방법 개정,20190104143710,1357
400008624,청구지 주소정비 권유 스크립트,20121206152745,152
400009822,개인(신용)정보 파기 ,20121205145027,2849
400008970,글로벌 비즈 카드(신용/체크),20121231112432,27666
400008667,SK하이닉스 시스템아이씨(주) 기업제휴카드,20121130144741,85
400008391,한국상하수도협회 마이너스 Corporate카드 ,20121228140813,65
400008578,지방세/국세 LMS,20121213132853,1276
400008360,김해시청 공무원 복지카드,20121206120624,368
400008868,계좌이동(자동이체변경) 서비스,20121205131012,9269
400008531,화천군청 공무원 복지카드,20121231095303,0
400008625,우편명세서 지연 LMS,20121221101858,145
400009154,ARS 콜백서비스,20121205132736,1942
400008599,BK034_휴면활성화 3개월,20121226142520,445
400008702,익산시청 공무원 복지카드,20121206090705,578
400008736,신규발급 - 하나로 푸드비즈(Food Biz) 카드,20121224153822,152
400008605,주택 임대료(LH공사) 카드 자동납부,20121205144326,4759
400008468,음식/숙박/서점 업종 프로모션(배달의민족/ 요기요/ 여기어때/ 교보문고),20121212130015,1285
400009099,해외이용 마케팅,20121221133110,5805
400008622,금융거래정보제공 통지 LMS,20121221155250,748
400009295,대형마트 프로모션(홈플러스이마트롯데마트/슈퍼빅마켓GS수퍼킴스클럽메가마트),20121226172424,5570
400002976,마이너스 체크카드,20121213154136,142298
400003435,통합창원시 사랑 카드,20121213132532,1720
400003312,농촌사랑 멤버십 카드,20121227092346,1468
400003484,공주대학교 사랑카드,20121213151329,431
400002776,원주원예하나로클럽 카드,20121206133222,2408
400003796,용암세원한마음아파트 제휴카드,20121213133503,277
400002627,경남발전연구원 복지카드,20121224142232,88
400003407,기업회원 갱신발급,20121231161052,13126
400002425,전자상거래-일반결제(안심클릭)/ISP,20121206093640,122894
400002715,정선아라리장학 마이홈러브카드,20190107103443,262
400002283,기업카드 포인트 적립/사용방법,20121205131403,39408
400002796,여수 와이즈멘 카드,20121206132514,85
400002237,성동경찰서 복지카드,20121231095858,100
400002507,(주)엠캐슬 제휴 기업카드,20121205135820,874
400002486,면세유 구매전용 카드,20121228140539,56728
400002234,충남발전연구원 복지카드 ,20121226145326,67
400002642,물품대금 결제전용 카드,20121221112332,1321
400002207,공공기관 카드발급 ,20121206140505,2016
400002249,서해사랑 카드,20121210083959,1689
400002184,연기사랑 장학카드,20121210154704,94
400002708,My Dream(마이 드림) 충성대 제휴카드 ,20121227154343,283
400002256,디원( D-One) 카드,20121227164232,48740
400002217,영천사랑마이홈 카드,20121210101143,272
400002208,공무원연금 카드,20121231161121,28968
400002170,한국전력 비씨구매전용 카드,20121226085935,404
400003548,대학등록금 카드 납부,20121210113419,10575
400002149,시흥 교육사랑 장학카드,20121231100920,0
400002986,단기카드대출(현금서비스) 이용 및 이체,20121210135319,29784
400001760,카드 발급 업무 메뉴얼,20121203121322,9485
400002441,아카데미드림 체크카드,20121213151707,1646
400002295,제주고 동문회 카드,20121206142440,76
400002155,한농연충북연합회 카드,20121213131347,33
400002309,금산사랑 카드,20121206135053,315
400002294,철벽부대사랑 카드,20121226152218,0
400002564,고용산재보험료 결제전용 카드,20121228122901,2369
400001911,클린광주 체크카드,20121227095134,988
400002421,개인회원 포인트 적립/사용방법,20121204170125,69830
400001511,보령 L마트 세이브카드,20121231094923,93
400002137,옴니 디앤샵(The Omni d&shop) 카드,20121227170415,4788
400001142,농가주부모임 카드,20190107162329,142
400001307,지역 사랑카드(동해),20121206134506,115
400002590,할부철회 및 항변,20121221092335,33051
400002212,제주대병원 사랑카드,20121210104115,107
400002223,전남 다자녀 행복카드,20190107164350,6822
400002344,중국통(中國 通) 체크카드,20121213122506,46915
400001400,기업회원 SMS,20121213140745,65613
400002578,정부구매카드,20121224132934,17107
400002136,KT- 우정카드,20121213133928,341
400001829,한국 환경공단 복지카드,20121226151043,1266
400002173,21C 진해시 발전 마이홈 러브카드,20121231112038,403
400002053,멤버쉽 카드,20190103141529,4913
400002216,충남/전북지방경찰청 공무원연금카드,20121227173644,581
400001377,하이닉스 굿메모리카드,20121206133955,321
400001176,녹색연합환경사랑 카드,20121206122707,296
400002120,한국서부발전(주) 구매전용카드,20121231092716,0
400000976,보성군청 공무원 복지카드,20121224151021,317
400001933,G-PASS(지패스) 경기도민  우대교통 신용/체크카드,20190104104957,145964
400001120,4-H 멤버스 카드,20121206130013,395
400001968,마사회Knetz카드,20190107164505,668
400001686,농촌사랑클럽 체크카드(개인 기업) 회원 약관,20190104142841,1836
400004767,남서울대학교 학생증 글로벌체크카드,20121231172945,1353
400004299,무주군청 기업카드,20121203092805,273
1,이유진,20121203092805,273
2,사랑행 메리크리스마스,20121203092805,273
3,반년동안 예뻐해주고 곁에 있어줘서 고마워,20121203092805,273
4,메리크리스마스,20121203092805,273
